code,name,total_cp,growth_score,value_score,momentum_score,roe,pe,price_change_20d
600519,贵州茅台,79.16,59.0,99.2,86.0,15.97,5.25,21.28
300750,宁德时代,74.76,96.0,73.6,47.599999999999994,10.13,16.41,-2.63
600036,招商银行,40.32000000000001,42.6,77.4,0.2,8.29,12.01,-19.96
601318,中国平安,24.520000000000003,28.000000000000004,40.6,3.8,7.5,38.34,-7.9
002594,比亚迪,49.34,45.800000000000004,98.4,5.0,23.73,8.8,-14.1
000858,五粮液,32.86,25.6,53.800000000000004,21.6,12.89,41.36,-4.21
000333,美的集团,68.03999999999999,91.2,72.0,33.2,7.19,12.05,-9.69
601012,隆基绿能,20.240000000000002,15.2,33.6,13.600000000000001,2.23,20.7,-12.94
600276,恒瑞医药,48.36000000000001,51.0,84.2,9.0,17.91,19.0,-0.61
600030,中信证券,44.800000000000004,59.199999999999996,50.2,20.200000000000003,6.24,21.93,7.12
300059,东方财富,53.239999999999995,23.599999999999998,59.4,86.6,14.59,36.87,10.34
002415,海康威视,54.72,19.2,77.0,79.80000000000001,19.45,28.7,6.98
000568,泸州老窖,31.32,19.8,50.0,28.000000000000004,8.17,28.72,-11.35
601888,中国中免,61.92,70.19999999999999,67.60000000000001,45.2,22.85,42.85,7.34
600309,万华化学,78.24,87.6,85.0,59.0,14.89,14.98,21.78
603288,海天味业,34.98,46.2,40.8,14.2,18.58,94.63,4.1
600436,片仔癀,56.220000000000006,87.9,55.60000000000001,14.6,10.24,30.34,-3.22
300014,亿纬锂能,59.080000000000005,80.80000000000001,45.0,44.2,7.99,34.74,-3.36
600031,三一重工,52.91999999999999,60.0,69.19999999999999,27.200000000000003,12.78,22.62,-0.93
600048,保利发展,46.54,63.4,28.000000000000004,42.6,0.29,12.63,3.06
600120,模拟股票0020,26.319999999999997,30.4,27.6,19.6,0.68,40.89,-6.63
600121,模拟股票0021,82.92,94.19999999999999,95.19999999999999,55.60000000000001,15.23,7.41,6.09
600122,模拟股票0022,49.31999999999999,50.4,0.8,96.39999999999999,-3.35,16.89,32.56
600123,模拟股票0023,59.44,22.6,76.6,91.4,14.41,21.35,16.71
600124,模拟股票0024,31.650000000000002,54.0,15.299999999999999,18.2,18.33,140.97,-13.82
600125,模拟股票0025,44.13999999999999,13.0,92.0,37.8,29.52,20.07,4.2
600126,模拟股票0026,27.21,27.0,15.299999999999999,39.4,-0.41,-14.61,8.68
600127,模拟股票0027,26.53,20.8,15.299999999999999,45.4,24.4,-46.63,12.76
600128,模拟股票0028,42.97,50.2,15.299999999999999,61.0,13.82,-33.48,5.22
600129,模拟股票0029,28.09,4.6,15.299999999999999,72.2,18.25,125.1,9.26
600130,模拟股票0030,55.58,45.2,61.6,63.4,14.0,32.83,5.79
600131,模拟股票0031,69.03999999999999,96.39999999999999,75.6,26.0,6.29,9.67,-11.3
600132,模拟股票0032,54.39,90.0,15.299999999999999,46.0,4.2,-13.59,-6.85
600133,模拟股票0033,70.25999999999999,97.2,82.6,22.0,15.3,17.87,0.06
600134,模拟股票0034,52.599999999999994,25.0,75.8,66.2,4.88,7.5,7.09
600135,模拟股票0035,64.49,80.60000000000001,15.299999999999999,92.2,18.62,-0.04,-0.18
600136,模拟股票0036,35.199999999999996,10.6,44.4,58.8,17.01,74.97,8.79
600137,模拟股票0037,40.82,60.5,51.800000000000004,3.5999999999999996,17.71,60.19,-7.16
600138,模拟股票0038,40.21,77.8,15.299999999999999,15.0,8.43,146.16,-11.95
600139,模拟股票0039,34.62,28.199999999999996,55.2,22.6,15.08,47.38,3.7
600140,模拟股票0040,54.089999999999996,85.8,15.299999999999999,50.6,14.86,-20.79,15.65
600141,模拟股票0041,74.3,75.2,48.199999999999996,99.2,4.5,17.36,9.18
600142,模拟股票0042,60.31,92.2,15.299999999999999,62.8,16.57,-46.6,10.82
600143,模拟股票0043,47.84,23.0,95.0,33.800000000000004,18.07,9.04,-2.82
600144,模拟股票0044,34.440000000000005,15.6,90.0,4.0,30.52,23.76,-16.35
600145,模拟股票0045,27.29,26.6,15.299999999999999,40.2,20.71,118.1,-5.58
600146,模拟股票0046,64.8,55.2,65.8,76.6,6.16,12.52,-4.82
600147,模拟股票0047,22.49,8.0,15.299999999999999,49.0,17.07,-39.34,-4.94
600148,模拟股票0048,49.400000000000006,56.00000000000001,41.4,48.6,5.66,28.21,13.39
600149,模拟股票0049,62.22,22.2,83.0,94.8,9.32,10.43,24.19
600150,模拟股票0050,62.08,98.2,30.4,45.6,1.91,33.11,15.39
600151,模拟股票0051,64.03999999999999,69.19999999999999,42.8,78.4,8.13,38.17,8.33
600152,模拟股票0052,23.08,2.8000000000000003,60.199999999999996,13.0,4.58,11.34,-9.29
600153,模拟股票0053,40.67,63.2,15.299999999999999,36.0,2.02,-28.82,-2.28
600154,模拟股票0054,36.839999999999996,36.0,49.8,25.0,23.53,83.58,3.12
600155,模拟股票0055,54.44,42.199999999999996,86.2,39.0,15.7,15.15,3.84
600156,模拟股票0056,72.44,92.60000000000001,57.99999999999999,60.0,12.91,34.44,-11.85
600157,模拟股票0057,35.64,56.99999999999999,1.4000000000000001,41.4,-3.62,29.58,6.37
600158,模拟股票0058,52.02,22.8,62.2,80.80000000000001,10.34,23.4,13.2
600159,模拟股票0059,66.72,79.80000000000001,32.4,83.6,6.46,75.93,12.75
600160,模拟股票0060,45.17,50.6,15.299999999999999,67.80000000000001,5.37,-13.17,10.32
600161,模拟股票0061,61.12,72.39999999999999,45.4,61.8,12.94,55.92,9.57
600162,模拟股票0062,83.74000000000001,90.4,66.0,92.60000000000001,10.26,20.74,12.76
600163,模拟股票0063,68.18,61.4,89.4,56.00000000000001,12.17,9.6,6.89
600164,模拟股票0064,62.76,48.0,59.8,85.39999999999999,12.78,32.08,28.11
600165,模拟股票0065,74.6,90.8,47.199999999999996,80.4,2.29,9.0,10.49
600166,模拟股票0066,37.5,25.8,39.6,51.0,11.9,63.44,-5.13
600167,模拟股票0067,42.519999999999996,19.6,66.2,49.4,10.82,21.55,7.96
600168,模拟股票0068,48.22,61.6,57.199999999999996,21.4,5.42,15.03,-3.08
600169,模拟股票0069,35.96,2.0,96.8,20.4,13.86,5.7,-5.62
600170,模拟股票0070,67.53999999999999,95.19999999999999,56.00000000000001,42.199999999999996,14.49,42.25,1.08
600171,模拟股票0071,40.18000000000001,43.6,38.6,37.2,3.98,24.97,6.87
600172,模拟股票0072,69.32000000000001,86.3,39.800000000000004,76.2,16.15,85.82,7.82
600173,模拟股票0073,35.99,54.800000000000004,15.299999999999999,31.6,8.79,120.81,4.17
600174,模拟股票0074,78.86,89.0,46.0,98.2,12.2,49.77,14.51
600175,模拟股票0075,62.43000000000001,77.4,15.299999999999999,89.60000000000001,5.86,-2.4,29.28
600176,模拟股票0076,16.22,4.3999999999999995,32.2,16.0,5.28,64.16,-3.31
600177,模拟股票0077,60.77000000000001,91.4,15.299999999999999,65.4,13.2,111.81,14.41
600178,模拟股票0078,66.32000000000001,35.0,75.4,99.0,4.81,7.44,24.98
600179,模拟股票0079,51.14,32.6,53.400000000000006,73.6,8.25,27.06,1.63
600180,模拟股票0080,25.96,34.0,3.5999999999999996,37.6,-0.76,43.94,3.56
600181,模拟股票0081,31.17,18.0,15.299999999999999,64.60000000000001,16.98,105.43,4.44
600182,模拟股票0082,47.42,3.8,64.0,89.0,17.69,37.78,18.33
600183,模拟股票0083,71.64,88.8,38.2,82.19999999999999,6.01,38.24,17.15
600184,模拟股票0084,79.46000000000001,88.4,59.0,88.0,28.49,73.57,14.66
600185,模拟股票0085,32.269999999999996,38.6,15.299999999999999,40.8,22.95,108.84,15.7
600186,模拟股票0086,34.55,5.0,15.299999999999999,93.2,2.53,-8.36,11.61
600187,模拟股票0087,32.07,64.2,15.299999999999999,6.0,12.59,139.26,-17.44
600188,模拟股票0088,13.89,10.8,15.299999999999999,16.6,15.07,140.25,1.93
600189,模拟股票0089,35.12,39.2,53.6,11.200000000000001,17.36,56.93,-3.17
600190,模拟股票0090,58.04,53.0,70.19999999999999,52.6,11.5,20.04,9.05
600191,模拟股票0091,29.759999999999998,23.400000000000002,60.0,8.0,5.66,14.2,-3.64
600192,模拟股票0092,35.05,35.8,15.299999999999999,53.800000000000004,27.72,-28.57,5.57
600193,模拟股票0093,52.519999999999996,81.8,48.0,18.0,10.23,39.82,-3.37
600194,模拟股票0094,55.879999999999995,0.2,87.4,98.6,9.8,8.79,19.4
600195,模拟股票0095,83.48,73.4,80.4,100.0,10.01,12.49,39.95
600196,模拟股票0096,37.98,5.4,84.8,34.599999999999994,10.98,11.52,5.44
600197,模拟股票0097,38.59,12.4,15.299999999999999,96.8,0.62,145.3,23.25
600198,模拟股票0098,77.64,88.2,84.0,57.199999999999996,11.94,12.67,-7.34
600199,模拟股票0099,13.09,17.8,15.299999999999999,4.6,16.31,143.6,-7.51
600200,模拟股票0100,72.02,71.6,93.4,51.2,19.41,12.15,9.76
600201,模拟股票0101,40.86,16.8,85.2,28.599999999999998,8.1,8.02,3.58
600202,模拟股票0102,31.799999999999997,43.8,37.6,10.0,14.16,90.71,-7.89
600203,模拟股票0103,59.760000000000005,42.0,73.2,70.0,18.04,29.41,4.19
600204,模拟股票0104,39.57,49.8,15.299999999999999,50.2,-1.36,132.74,9.85
600205,模拟股票0105,15.059999999999999,11.4,1.0,34.0,-2.44,13.26,6.12
600206,模拟股票0106,23.299999999999997,10.4,57.599999999999994,6.2,17.11,47.1,-11.53
600207,模拟股票0107,31.93,18.4,15.299999999999999,66.60000000000001,12.38,-7.45,15.08
600208,模拟股票0108,47.58,30.0,63.4,55.2,18.69,40.21,20.3
600209,模拟股票0109,54.620000000000005,60.5,54.400000000000006,47.0,5.62,17.87,7.45
600210,模拟股票0110,68.92,71.2,69.8,65.0,12.69,22.36,6.05
600211,模拟股票0111,38.74,26.200000000000003,42.6,51.6,8.7,41.07,7.73
600212,模拟股票0112,74.44,98.8,49.6,66.8,14.32,51.09,-0.91
600213,模拟股票0113,19.72,0.4,62.4,2.8000000000000003,8.74,19.73,-19.45
600214,模拟股票0114,70.08,93.0,47.4,62.2,12.15,47.69,0.37
600215,模拟股票0115,37.92,73.8,0.6,27.400000000000002,-5.69,19.44,-14.74
600216,模拟股票0116,62.260000000000005,51.4,41.8,97.2,14.71,71.37,30.25
600217,模拟股票0117,53.540000000000006,18.8,98.6,54.800000000000004,13.99,5.12,12.96
600218,模拟股票0118,68.16,47.4,83.39999999999999,80.60000000000001,12.57,13.62,7.0
600219,模拟股票0119,30.92,20.599999999999998,32.6,43.0,7.92,82.34,-2.33
600220,模拟股票0120,49.43,44.6,15.299999999999999,90.0,18.06,100.55,19.27
600221,模拟股票0121,41.0,9.8,97.0,26.6,27.01,10.89,-18.34
600222,模拟股票0122,68.08,53.2,84.6,71.39999999999999,17.23,18.17,-10.51
600223,模拟股票0123,76.8,69.0,94.6,69.39999999999999,13.03,6.57,8.77
600224,模拟股票0124,77.18,93.2,35.199999999999996,97.8,5.68,43.62,19.15
600225,模拟股票0125,46.72,19.0,55.00000000000001,75.4,7.91,24.92,3.67
600226,模拟股票0126,38.92,85.3,2.6,13.4,-1.54,32.14,-2.12
600227,模拟股票0127,31.420000000000005,74.2,3.2,2.6,-1.24,43.17,-12.48
600228,模拟股票0128,59.2,86.8,75.2,6.4,9.31,14.43,-15.04
600229,模拟股票0129,41.94,1.2,80.2,57.99999999999999,9.82,12.35,0.23
600230,模拟股票0130,56.55000000000001,74.4,15.299999999999999,74.0,26.79,128.06,-10.28
600231,模拟股票0131,46.0,49.6,35.0,52.2,12.47,99.23,5.38
600232,模拟股票0132,35.76,34.8,56.39999999999999,16.400000000000002,7.41,21.13,-3.52
600233,模拟股票0133,58.0,76.0,86.8,5.2,12.85,11.94,-28.81
600234,模拟股票0134,33.7,4.0,98.2,8.799999999999999,21.97,8.15,-1.46
600235,模拟股票0135,59.86,56.2,31.0,93.60000000000001,5.78,92.56,14.23
600236,模拟股票0136,19.310000000000002,11.600000000000001,15.299999999999999,33.6,17.77,143.49,8.87
600237,模拟股票0137,64.2,35.4,87.8,79.0,17.7,15.43,11.53
600238,模拟股票0138,74.63999999999999,56.39999999999999,94.19999999999999,79.4,9.11,5.14,10.39
600239,模拟股票0139,47.16,31.2,42.4,73.2,9.52,44.95,14.09
600240,模拟股票0140,42.48,63.0,56.599999999999994,1.0,7.82,22.08,-13.9
600241,模拟股票0141,39.81999999999999,52.0,41.199999999999996,22.2,16.85,84.86,-21.98
600242,模拟股票0142,37.07,35.6,15.299999999999999,60.8,13.69,125.34,7.79
600243,模拟股票0143,36.910000000000004,55.00000000000001,15.299999999999999,34.4,20.83,128.66,-1.36
600244,模拟股票0144,46.94,0.8,80.60000000000001,74.8,14.46,17.83,11.92
600245,模拟股票0145,31.67,56.599999999999994,15.299999999999999,14.799999999999999,10.53,142.21,-3.48
600246,模拟股票0146,45.0,31.8,88.2,19.400000000000002,13.57,11.64,-17.43
600247,模拟股票0147,86.6,78.2,87.0,97.39999999999999,15.78,14.65,22.99
600248,模拟股票0148,23.020000000000003,9.4,1.6,62.6,-2.73,25.84,3.31
600249,模拟股票0149,21.93,38.4,15.299999999999999,6.6000000000000005,6.19,-10.92,-4.34
600250,模拟股票0150,29.199999999999996,5.800000000000001,29.799999999999997,59.8,4.61,89.57,15.64
600251,模拟股票0151,67.76,68.0,99.0,36.199999999999996,33.06,11.27,-7.3
600252,模拟股票0152,82.34,95.6,74.4,72.6,7.39,11.84,1.85
600253,模拟股票0153,75.47999999999999,84.6,67.2,71.6,6.37,12.04,-4.52
600254,模拟股票0154,50.15,48.199999999999996,15.299999999999999,87.6,17.66,-10.19,14.67
600255,模拟股票0155,28.9,23.799999999999997,3.0,61.6,-0.56,17.18,2.11
600256,模拟股票0156,51.52000000000001,21.4,64.60000000000001,78.60000000000001,13.42,28.06,10.33
600257,模拟股票0157,40.470000000000006,81.6,15.299999999999999,10.8,20.65,140.9,2.16
600258,模拟股票0158,42.48,61.199999999999996,56.99999999999999,3.0,15.44,43.25,-12.32
600259,模拟股票0159,55.31999999999999,63.6,48.8,50.8,20.43,77.93,3.34
600260,模拟股票0160,41.519999999999996,37.8,64.8,23.200000000000003,19.51,40.77,-2.55
600261,模拟股票0161,43.150000000000006,46.0,15.299999999999999,67.2,9.53,-8.5,18.07
600262,模拟股票0162,55.61,69.8,15.299999999999999,77.0,10.51,147.62,5.36
600263,模拟股票0163,61.22,76.4,26.6,75.6,0.12,26.64,3.99
600264,模拟股票0164,63.980000000000004,99.8,54.0,26.200000000000003,7.86,25.17,-1.35
600265,模拟股票0165,61.699999999999996,80.0,72.2,26.8,23.63,39.27,-2.04
600266,模拟股票0166,20.4,10.2,31.4,23.0,1.24,19.43,-6.21
600267,模拟股票0167,73.46,70.39999999999999,76.8,74.2,13.87,20.49,14.81
600268,模拟股票0168,50.26,44.800000000000004,43.0,64.8,11.6,54.19,7.59
600269,模拟股票0169,55.98,96.6,41.0,16.8,15.94,80.31,-4.65
600270,模拟股票0170,57.26,20.0,68.2,96.0,7.01,13.05,17.27
600271,模拟股票0171,40.44,37.2,38.0,47.199999999999996,7.43,47.54,-3.63
600272,模拟股票0172,67.36,42.4,82.8,85.2,13.62,15.38,24.55
600273,模拟股票0173,78.74000000000001,65.60000000000001,79.60000000000001,95.39999999999999,8.9,11.35,10.9
600274,模拟股票0174,30.659999999999997,7.199999999999999,68.4,24.2,10.58,19.57,-5.77
600275,模拟股票0175,63.68000000000001,40.400000000000006,83.2,75.2,26.36,29.24,2.8
600276,模拟股票0176,59.22,24.0,76.2,89.2,32.22,48.47,15.53
600277,模拟股票0177,53.47,56.8,15.299999999999999,87.2,26.77,-31.47,10.09
600278,模拟股票0178,82.97999999999999,84.0,69.0,95.6,18.56,32.98,17.03
600279,模拟股票0179,44.31,48.6,15.299999999999999,67.60000000000001,17.19,-36.21,17.48
600280,模拟股票0180,67.66,39.4,86.0,87.0,14.95,14.49,18.34
600281,模拟股票0181,44.57,27.800000000000004,15.299999999999999,96.2,12.37,-33.32,10.75
600282,模拟股票0182,70.94,60.8,66.8,88.6,9.54,18.08,21.93
600283,模拟股票0183,54.1,70.6,49.2,37.0,14.23,53.66,-2.36
600284,模拟股票0184,56.120000000000005,24.2,99.4,55.400000000000006,20.59,6.45,-5.4
600285,模拟股票0185,45.12,43.2,4.0,88.8,-0.19,47.67,21.79
600286,模拟股票0186,34.03,70.0,15.299999999999999,4.8,7.56,-12.91,-23.39
600287,模拟股票0187,49.94,37.4,75.0,41.6,7.98,12.46,5.93
600288,模拟股票0188,67.76,84.8,28.999999999999996,83.8,1.76,51.82,1.81
600289,模拟股票0189,32.56,6.4,45.800000000000004,54.2,3.44,14.64,2.45
600290,模拟股票0190,62.120000000000005,32.0,78.0,86.4,10.07,14.1,20.33
600291,模拟股票0191,68.75999999999999,69.6,60.4,76.0,20.94,51.36,9.84
600292,模拟股票0192,81.5,87.2,86.4,69.0,17.14,16.49,11.51
600293,模拟股票0193,60.96000000000001,70.8,93.60000000000001,15.2,23.52,13.88,2.52
600294,模拟股票0194,29.610000000000003,49.2,15.299999999999999,17.8,13.02,121.81,-4.83
600295,模拟股票0195,11.129999999999999,3.5999999999999996,15.299999999999999,17.0,-3.12,-8.41,-16.01
600296,模拟股票0196,34.93,40.0,15.299999999999999,47.8,18.29,-45.17,2.43
600297,模拟股票0197,59.720000000000006,96.2,30.2,40.6,2.73,47.59,0.35
600298,模拟股票0198,32.480000000000004,5.6000000000000005,92.4,8.4,13.67,9.11,-5.18
600299,模拟股票0199,62.5,97.0,34.599999999999994,44.4,9.75,79.15,-3.85
600300,模拟股票0200,68.52000000000001,76.2,81.8,45.0,23.19,27.68,-4.76
600301,模拟股票0201,81.15999999999998,85.3,87.6,69.19999999999999,15.15,13.45,15.59
600302,模拟股票0202,80.68,91.60000000000001,78.4,68.4,22.54,30.87,-5.27
600303,模拟股票0203,51.3,21.0,93.0,50.0,13.58,8.51,-0.84
600304,模拟股票0204,56.1,34.2,41.6,99.8,16.18,79.36,28.71
600305,模拟股票0205,63.019999999999996,52.400000000000006,96.6,43.6,15.49,6.57,10.36
600306,模拟股票0206,34.42,15.4,36.8,57.4,9.94,67.34,10.77
600307,模拟股票0207,53.92,3.4000000000000004,97.2,78.0,24.59,9.86,5.69
600308,模拟股票0208,56.98,59.8,67.4,42.8,25.47,47.79,2.54
600309,模拟股票0209,47.31,33.6,15.299999999999999,97.6,19.07,-30.24,20.72
600310,模拟股票0210,53.92,71.8,40.2,43.8,7.0,36.34,6.13
600311,模拟股票0211,62.419999999999995,74.6,52.0,56.599999999999994,6.63,22.46,9.52
600312,模拟股票0212,30.980000000000004,6.800000000000001,91.0,3.2,18.17,13.33,-17.88
600313,模拟股票0213,36.480000000000004,39.6,28.799999999999997,40.0,3.04,98.64,-2.61
600314,模拟股票0214,45.42,64.8,35.4,29.599999999999998,11.62,89.23,-12.4
600315,模拟股票0215,41.44,7.6,32.800000000000004,95.19999999999999,8.05,81.9,21.01
600316,模拟股票0216,61.879999999999995,33.800000000000004,64.2,97.0,9.21,19.65,27.92
600317,模拟股票0217,47.65,82.0,15.299999999999999,34.2,15.44,-18.34,-0.11
600318,模拟股票0218,65.02000000000001,65.2,61.8,68.0,11.43,26.64,3.62
600319,模拟股票0219,57.44,12.2,93.8,81.39999999999999,11.35,6.46,14.0
600320,模拟股票0220,32.73,17.4,15.299999999999999,70.6,19.98,128.39,1.32
600321,模拟股票0221,49.019999999999996,44.4,30.8,73.4,3.68,59.6,-4.49
600322,模拟股票0222,78.69999999999999,74.8,94.39999999999999,68.2,10.47,5.68,8.95
600323,模拟股票0223,81.74000000000001,97.39999999999999,65.0,77.60000000000001,14.92,31.13,5.41
600324,模拟股票0224,55.89000000000001,89.4,15.299999999999999,51.800000000000004,20.84,-6.79,-10.72
600325,模拟股票0225,47.120000000000005,41.6,47.0,54.6,2.83,11.15,2.23
600326,模拟股票0226,74.25999999999999,89.8,71.0,56.8,14.57,24.78,8.44
600327,模拟股票0227,74.44,53.800000000000004,95.39999999999999,81.0,19.71,9.51,10.17
600328,模拟股票0228,67.97999999999999,82.8,66.4,49.8,9.62,18.72,4.51
600329,模拟股票0229,49.839999999999996,5.2,82.39999999999999,76.8,12.12,14.18,22.13
600330,模拟股票0230,25.020000000000003,1.7999999999999998,34.8,46.2,4.07,32.84,-12.88
600331,模拟股票0231,80.86,79.0,92.2,72.0,20.08,13.52,14.78
600332,模拟股票0232,43.169999999999995,81.0,15.299999999999999,20.599999999999998,-8.0,122.86,-16.74
600333,模拟股票0233,84.03999999999999,91.0,76.4,82.39999999999999,31.52,46.77,10.14
600334,模拟股票0234,59.32,58.599999999999994,92.60000000000001,27.0,18.07,11.7,2.25
600335,模拟股票0235,24.78,9.6,64.4,5.4,9.75,20.43,-8.86
600336,模拟股票0236,51.8,95.0,43.8,2.1999999999999997,13.44,60.0,-15.85
600337,模拟股票0237,49.85999999999999,18.6,99.6,41.8,19.53,6.01,9.6
600338,模拟股票0238,29.939999999999998,9.0,67.0,20.8,12.84,24.27,6.84
600339,模拟股票0239,60.519999999999996,61.0,37.8,82.6,15.52,99.39,5.69
600340,模拟股票0240,41.01,40.8,15.299999999999999,67.0,13.0,127.72,9.52
600341,模拟股票0241,39.1,17.2,61.0,46.400000000000006,12.32,29.48,-13.83
600342,模拟股票0242,36.31999999999999,17.0,28.199999999999996,70.19999999999999,2.05,85.36,13.74
600343,模拟股票0243,58.78,37.6,73.0,72.8,21.98,35.99,-7.02
600344,模拟股票0244,50.81,72.8,15.299999999999999,56.99999999999999,2.5,-25.97,7.97
600345,模拟股票0245,72.38,47.599999999999994,79.0,98.8,10.96,14.34,14.57
600346,模拟股票0246,48.3,13.200000000000001,49.0,94.39999999999999,7.54,28.58,33.96
600347,模拟股票0247,82.1,82.39999999999999,71.39999999999999,92.4,25.11,42.45,9.83
600348,模拟股票0248,30.14,31.4,51.0,7.6,8.97,30.85,-9.18
600349,模拟股票0249,29.799999999999997,34.599999999999994,34.0,19.2,2.21,19.3,5.81
000100,模拟股票0250,58.459999999999994,28.4,72.6,84.39999999999999,14.65,24.23,7.49
000101,模拟股票0251,53.84,93.8,29.599999999999998,24.8,2.32,45.83,-5.46
000102,模拟股票0252,61.64,63.800000000000004,97.6,22.8,16.47,6.22,-8.05
000103,模拟股票0253,35.48,26.0,28.599999999999998,55.00000000000001,0.69,23.95,-5.83
000104,模拟股票0254,64.7,42.8,91.2,67.4,20.73,15.02,-0.8
000105,模拟股票0255,82.67999999999999,98.4,96.0,48.4,13.13,5.86,5.3
000106,模拟股票0256,69.44,60.199999999999996,90.60000000000001,60.6,13.07,9.7,14.48
000107,模拟股票0257,14.419999999999998,13.4,28.4,1.7999999999999998,1.35,49.71,-10.24
000108,模拟股票0258,66.45,97.8,15.299999999999999,75.8,15.11,134.73,13.06
000109,模拟股票0259,51.67,68.8,15.299999999999999,65.2,11.21,124.44,6.21
000110,模拟股票0260,44.59,73.6,15.299999999999999,35.199999999999996,6.66,-39.92,-6.07
000111,模拟股票0261,55.16,50.0,29.4,87.8,4.81,95.84,16.03
000112,模拟股票0262,72.12,92.4,50.8,66.4,11.8,40.71,9.69
000113,模拟股票0263,21.86,15.8,27.400000000000002,24.4,1.51,99.58,-4.31
000114,模拟股票0264,60.519999999999996,62.2,53.0,65.8,12.45,41.02,8.84
000115,模拟股票0265,15.899999999999999,20.4,1.7999999999999998,24.0,-3.8,48.07,-11.52
000116,模拟股票0266,62.97,78.60000000000001,15.299999999999999,89.8,24.25,114.24,20.89
000117,模拟股票0267,26.27,25.4,15.299999999999999,38.4,9.3,142.04,-1.66
000118,模拟股票0268,69.66,58.199999999999996,60.8,93.8,13.28,32.25,17.29
000119,模拟股票0269,10.489999999999998,9.2,15.299999999999999,7.3999999999999995,0.12,136.38,-13.4
000120,模拟股票0270,28.33,14.799999999999999,15.299999999999999,59.4,2.64,-46.64,12.11
000121,模拟股票0271,25.210000000000004,44.2,15.299999999999999,9.8,-8.73,114.46,-14.75
000122,模拟股票0272,46.25,68.60000000000001,15.299999999999999,47.4,11.88,107.65,-8.68
000123,模拟股票0273,26.439999999999998,27.400000000000002,36.0,15.6,10.73,76.74,-2.32
000124,模拟股票0274,48.64,67.0,42.0,30.8,10.62,51.12,-16.36
000125,模拟股票0275,63.959999999999994,52.800000000000004,70.39999999999999,72.39999999999999,10.33,18.0,-4.27
000126,模拟股票0276,64.36,82.6,56.2,48.199999999999996,17.42,50.46,-4.27
000127,模拟股票0277,70.28,98.0,73.8,29.799999999999997,14.39,23.25,3.38
000128,模拟股票0278,69.78,75.6,87.2,44.6,15.68,14.27,4.64
000129,模拟股票0279,39.56,6.2,52.400000000000006,71.2,13.48,44.82,17.4
000130,模拟股票0280,70.26,87.0,30.0,88.2,3.62,65.92,11.63
000131,模拟股票0281,46.86000000000001,45.0,65.60000000000001,30.599999999999998,5.95,12.19,-0.87
000132,模拟股票0282,84.66,75.0,91.4,90.8,22.63,16.11,28.98
000133,模拟股票0283,55.03,55.60000000000001,15.299999999999999,94.0,19.42,146.96,21.34
000134,模拟股票0284,52.199999999999996,71.39999999999999,71.8,7.000000000000001,16.31,27.47,-7.07
000135,模拟股票0285,42.3,80.4,0.4,33.4,-3.73,12.09,0.34
000136,模拟股票0286,69.64,87.4,89.8,25.8,14.46,11.35,-4.0
000137,模拟股票0287,73.02,78.0,60.6,78.8,14.26,34.63,8.89
000138,模拟股票0288,59.22,83.39999999999999,68.8,17.4,17.3,30.85,-12.56
000139,模拟股票0289,54.82,47.8,35.8,83.2,6.79,49.17,17.86
000140,模拟股票0290,77.78,92.0,37.2,99.4,14.47,96.55,34.22
000141,模拟股票0291,64.00999999999999,78.8,15.299999999999999,93.0,-2.09,-47.0,18.48
000142,模拟股票0292,22.5,14.399999999999999,44.2,11.600000000000001,10.89,48.2,-7.21
000143,模拟股票0293,70.44,93.60000000000001,88.8,21.2,16.71,13.61,-11.35
000144,模拟股票0294,41.739999999999995,29.799999999999997,70.6,28.799999999999997,21.57,37.44,3.18
000145,模拟股票0295,40.94,54.2,51.4,12.8,17.19,58.88,-7.65
000146,模拟股票0296,47.11,77.2,15.299999999999999,38.800000000000004,17.78,149.64,-1.8
000147,模拟股票0297,35.64,0.6,89.60000000000001,28.4,19.46,15.35,-15.31
000148,模拟股票0298,68.25,94.8,15.299999999999999,85.8,7.59,139.41,5.21
000149,模拟股票0299,90.62,99.2,81.39999999999999,88.4,28.05,34.02,15.29
000150,模拟股票0300,38.12,17.599999999999998,58.8,44.800000000000004,18.23,47.11,2.96
000151,模拟股票0301,63.71,86.6,15.299999999999999,81.6,8.37,-24.79,4.06
000152,模拟股票0302,29.700000000000003,27.6,57.8,4.3999999999999995,2.87,7.8,-19.4
000153,模拟股票0303,76.30000000000001,94.0,68.60000000000001,60.4,11.03,20.09,-9.29
000154,模拟股票0304,32.089999999999996,59.599999999999994,15.299999999999999,12.2,21.77,124.22,-8.51
000155,模拟股票0305,64.86000000000001,99.6,72.8,10.6,20.71,34.19,-2.87
000156,模拟股票0306,25.32,12.6,36.6,31.0,13.13,90.27,1.23
000157,模拟股票0307,25.550000000000004,51.2,15.299999999999999,1.6,-0.76,120.64,-11.04
000158,模拟股票0308,57.760000000000005,99.4,40.0,20.0,11.78,62.4,-2.49
000159,模拟股票0309,65.98,28.599999999999998,90.8,91.0,15.75,11.56,12.19
000160,模拟股票0310,33.900000000000006,24.6,62.6,17.599999999999998,11.2,24.44,-6.92
000161,模拟股票0311,59.480000000000004,55.400000000000006,40.400000000000006,84.0,14.94,77.17,20.91
000162,模拟股票0312,31.450000000000003,1.6,15.299999999999999,87.4,11.83,129.75,13.61
000163,模拟股票0313,41.339999999999996,62.4,50.4,4.2,9.75,34.14,-15.75
000164,模拟股票0314,30.220000000000002,22.0,54.2,17.2,18.35,58.7,-13.28
000165,模拟股票0315,28.8,30.599999999999998,45.6,9.6,11.71,50.42,-5.82
000166,模拟股票0316,56.739999999999995,57.4,51.2,61.4,13.6,46.74,3.74
000167,模拟股票0317,43.54,46.6,59.199999999999996,23.799999999999997,17.54,44.67,-6.93
000168,模拟股票0318,20.74,2.1999999999999997,30.599999999999998,35.6,3.42,56.87,13.85
000169,模拟股票0319,57.739999999999995,96.8,33.4,30.0,3.92,38.63,3.25
000170,模拟股票0320,48.980000000000004,74.0,50.6,14.000000000000002,10.54,36.42,-6.59
000171,模拟股票0321,64.72,85.6,47.599999999999994,54.0,4.37,17.06,6.88
000172,模拟股票0322,26.55,25.2,15.299999999999999,39.6,9.67,-4.74,2.07
000173,模拟股票0323,64.38,41.4,96.39999999999999,63.0,37.54,16.5,-2.12
000174,模拟股票0324,38.21,30.2,15.299999999999999,71.8,12.91,-22.48,-5.02
000175,模拟股票0325,71.12,66.2,77.8,71.0,20.64,29.03,3.81
000176,模拟股票0326,52.26,15.0,81.2,73.0,15.88,19.28,15.36
000177,模拟股票0327,54.22,33.4,52.800000000000004,83.39999999999999,8.77,29.05,27.75
000178,模拟股票0328,57.7,83.8,44.800000000000004,35.8,12.19,53.64,8.43
000179,模拟股票0329,75.48,66.60000000000001,63.2,99.6,15.43,33.22,17.25
000180,模拟股票0330,52.34,62.6,45.2,45.800000000000004,16.64,72.08,-1.24
000181,模拟股票0331,65.7,82.19999999999999,65.4,44.0,9.64,19.96,-9.08
000182,模拟股票0332,26.169999999999998,8.799999999999999,15.299999999999999,60.199999999999996,22.54,-33.14,-4.29
000183,模拟股票0333,34.95,13.8,15.299999999999999,82.8,11.82,117.49,13.09
000184,模拟股票0334,51.879999999999995,31.0,74.0,57.599999999999994,10.09,16.3,-8.07
000185,模拟股票0335,73.53999999999999,97.6,44.6,70.39999999999999,9.42,41.51,14.98
000186,模拟股票0336,41.78,28.999999999999996,71.2,29.4,15.23,25.84,6.89
000187,模拟股票0337,36.67,41.199999999999996,15.299999999999999,52.0,21.5,-44.09,6.4
000188,模拟股票0338,40.84000000000001,54.400000000000006,51.6,12.0,16.69,56.85,-13.15
000189,模拟股票0339,50.919999999999995,11.799999999999999,84.39999999999999,69.6,27.51,29.11,9.17
000190,模拟股票0340,61.43,77.0,15.299999999999999,86.8,14.81,123.17,16.32
000191,模拟股票0341,68.44,95.8,79.4,21.0,10.07,13.02,1.41
000192,模拟股票0342,48.06,8.4,85.8,63.2,20.86,20.43,13.17
000193,模拟股票0343,64.36,62.8,69.6,61.199999999999996,11.28,19.92,11.51
000194,模拟股票0344,57.67999999999999,57.199999999999996,69.39999999999999,46.6,16.1,28.48,10.38
000195,模拟股票0345,76.88,51.800000000000004,95.6,91.60000000000001,20.69,9.57,7.41
000196,模拟股票0346,46.34,39.800000000000004,43.2,58.199999999999996,10.21,47.35,-0.64
000197,模拟股票0347,36.129999999999995,7.000000000000001,15.299999999999999,95.8,-0.93,148.75,14.4
000198,模拟股票0348,42.39,46.800000000000004,15.299999999999999,63.6,11.16,-29.56,16.94
000199,模拟股票0349,67.6,84.39999999999999,36.4,76.4,13.91,97.83,5.27
000200,模拟股票0350,23.560000000000002,52.6,0.2,8.200000000000001,-9.63,20.66,-18.97
000201,模拟股票0351,83.46,67.2,90.2,98.4,22.99,17.68,22.35
000202,模拟股票0352,35.15,72.2,15.299999999999999,5.6000000000000005,25.12,124.72,-16.22
000203,模拟股票0353,75.44,94.39999999999999,59.599999999999994,66.0,5.25,13.23,4.48
000204,模拟股票0354,47.58999999999999,81.39999999999999,15.299999999999999,34.8,12.35,-16.99,5.34
000205,模拟股票0355,28.480000000000004,32.2,33.2,18.8,1.44,14.36,-2.15
000206,模拟股票0356,36.78,16.2,27.200000000000003,73.8,0.75,63.98,12.12
000207,模拟股票0357,43.3,24.4,27.0,84.8,0.34,31.69,6.83
000208,模拟股票0358,42.58,49.0,2.1999999999999997,74.4,-3.0,47.32,11.06
000209,模拟股票0359,44.019999999999996,23.200000000000003,35.6,80.2,5.98,45.64,15.91
000210,模拟股票0360,17.91,33.0,15.299999999999999,0.4,27.21,-2.57,-15.16
000211,模拟股票0361,34.440000000000005,68.4,3.8,19.8,-0.67,42.82,-15.97
000212,模拟股票0362,71.6,86.0,53.2,70.8,8.14,26.79,13.76
000213,模拟股票0363,18.799999999999997,1.4000000000000001,42.199999999999996,18.6,4.87,23.07,0.47
000214,模拟股票0364,47.08,47.199999999999996,63.800000000000004,30.2,10.95,23.44,-4.8
000215,模拟股票0365,53.919999999999995,50.8,65.2,46.800000000000004,15.54,32.37,1.82
000216,模拟股票0366,48.03,76.8,15.299999999999999,42.4,17.67,-13.77,6.45
000217,模拟股票0367,41.919999999999995,20.200000000000003,71.6,41.199999999999996,14.89,25.11,2.6
000218,模拟股票0368,34.08,4.2,52.2,55.800000000000004,10.97,36.51,4.11
000219,模拟股票0369,56.25,66.0,15.299999999999999,84.2,3.78,126.73,14.63
000220,模拟股票0370,68.02000000000001,73.0,39.0,90.4,6.83,41.9,14.03
000221,模拟股票0371,61.28,81.2,32.0,64.0,6.64,83.54,6.46
000222,模拟股票0372,60.019999999999996,86.3,61.4,23.599999999999998,10.93,25.84,-17.98
000223,模拟股票0373,40.720000000000006,92.80000000000001,2.8000000000000003,9.2,-1.3,36.64,-10.09
000224,模拟股票0374,52.72,37.0,34.4,92.0,3.15,25.8,12.36
000225,模拟股票0375,31.639999999999997,29.599999999999998,63.6,2.4,23.17,49.64,-17.2
000226,模拟股票0376,52.78,67.60000000000001,58.199999999999996,27.6,19.72,52.19,-4.11
000227,模拟股票0377,50.66,36.8,88.4,31.4,14.24,12.2,-2.69
000228,模拟股票0378,55.26,40.2,88.6,42.0,16.37,13.39,1.68
000229,模拟股票0379,60.02000000000001,77.60000000000001,37.0,59.599999999999994,9.04,60.82,9.73
000230,模拟股票0380,48.65,66.8,15.299999999999999,57.8,17.58,103.49,7.44
000231,模拟股票0381,10.649999999999999,3.0,15.299999999999999,16.2,15.58,-23.39,-11.33
000232,模拟股票0382,62.6,98.6,52.6,24.6,25.86,85.8,9.01
000233,模拟股票0383,34.66,16.6,63.0,30.4,7.66,16.61,0.98
000234,模拟股票0384,47.36,47.0,2.4,92.80000000000001,-3.83,67.11,5.87
000235,模拟股票0385,52.17999999999999,1.0,74.6,98.0,4.64,7.43,16.21
000236,模拟股票0386,57.24000000000001,52.2,27.800000000000004,93.4,2.16,94.13,1.73
000237,模拟股票0387,55.910000000000004,67.4,15.299999999999999,81.2,-0.02,-49.53,16.03
000238,模拟股票0388,61.8,45.6,91.8,53.400000000000006,14.46,10.0,-1.12
000239,模拟股票0389,51.95,58.4,15.299999999999999,80.0,9.04,122.31,16.51
000240,模拟股票0390,30.940000000000005,64.60000000000001,1.2,15.8,-2.18,14.24,-4.85
000241,模拟股票0391,64.5,58.8,54.6,82.0,23.0,72.98,15.67
000242,模拟股票0392,65.5,69.39999999999999,46.2,79.60000000000001,11.56,47.0,10.74
000243,模拟股票0393,51.38,41.0,46.800000000000004,69.8,12.72,50.68,0.66
000244,模拟股票0394,22.19,3.2,15.299999999999999,54.400000000000006,16.75,-28.15,5.34
000245,模拟股票0395,57.66,91.8,37.4,32.4,8.89,58.65,-6.27
000246,模拟股票0396,34.53,7.8,15.299999999999999,89.4,4.23,-36.33,13.35
000247,模拟股票0397,54.38000000000001,79.4,38.800000000000004,36.6,16.1,98.87,-4.7
000248,模拟股票0398,63.59,89.60000000000001,15.299999999999999,77.2,18.4,-19.07,11.5
000249,模拟股票0399,46.080000000000005,29.4,89.2,25.2,20.56,16.23,1.04
000250,模拟股票0400,26.12,27.200000000000003,43.6,7.199999999999999,6.6,30.16,-0.7
000251,模拟股票0401,43.09,31.6,15.299999999999999,86.2,13.71,110.13,10.91
000252,模拟股票0402,21.35,14.6,15.299999999999999,36.4,-0.86,130.6,-8.28
000253,模拟股票0403,19.09,8.200000000000001,15.299999999999999,37.4,10.45,-29.31,10.63
000254,模拟股票0404,54.38,84.2,67.80000000000001,1.2,12.48,23.39,-12.71
000255,模拟股票0405,75.84,99.0,77.60000000000001,43.2,13.47,19.03,5.52
000256,模拟股票0406,63.61999999999999,34.4,81.6,84.6,18.46,22.26,9.07
000257,模拟股票0407,52.99999999999999,48.8,99.8,11.799999999999999,34.08,9.96,2.69
000258,模拟股票0408,30.6,26.400000000000002,34.2,32.6,6.44,54.12,4.83
000259,模拟股票0409,56.36,49.4,82.19999999999999,39.800000000000004,20.97,24.77,-0.93
000260,模拟股票0410,13.57,14.2,15.299999999999999,11.0,18.6,126.14,-0.64
000261,模拟股票0411,51.42,54.6,36.199999999999996,62.4,5.45,38.41,6.15
000262,模拟股票0412,65.28,53.400000000000006,94.0,52.400000000000006,18.81,10.64,1.76
000263,模拟股票0413,53.17999999999999,2.6,78.8,95.0,7.34,9.62,20.07
000264,模拟股票0414,69.74000000000001,83.0,83.6,38.2,19.72,21.14,5.37
000265,模拟股票0415,49.57,88.6,15.299999999999999,31.8,9.47,100.42,1.33
000266,模拟股票0416,40.66,35.199999999999996,88.0,0.6,12.0,10.34,-24.55
000267,模拟股票0417,48.38,33.2,48.4,68.60000000000001,2.23,8.6,-2.44
000268,模拟股票0418,43.89,72.0,15.299999999999999,35.0,14.61,115.14,-10.67
000269,模拟股票0419,42.22,45.4,61.199999999999996,19.0,11.39,26.94,-15.65
000270,模拟股票0420,25.93,11.200000000000001,15.299999999999999,56.2,15.01,100.12,16.51
000271,模拟股票0421,36.19,38.800000000000004,15.299999999999999,53.6,25.14,149.79,-0.94
000272,模拟股票0422,43.04,46.400000000000006,48.6,33.0,7.65,29.43,-9.03
000273,模拟股票0423,34.1,21.8,83.8,0.8,7.89,8.43,-27.75
000274,模拟股票0424,69.2,71.0,97.39999999999999,38.6,31.3,11.97,-0.15
000275,模拟股票0425,46.209999999999994,41.8,15.299999999999999,83.0,16.38,-32.85,11.58
000276,模拟股票0426,64.47999999999999,65.8,68.0,59.199999999999996,15.51,28.95,10.1
000277,模拟股票0427,50.78,83.6,55.800000000000004,2.0,7.41,21.93,-11.87
000278,模拟股票0428,48.67999999999999,53.6,39.4,51.4,13.32,77.76,5.93
000279,模拟股票0429,33.42,4.8,94.8,10.2,23.92,12.05,1.76
000280,模拟股票0430,67.60000000000001,89.2,81.0,25.4,10.59,13.0,5.77
000281,模拟股票0431,45.07,32.800000000000004,15.299999999999999,91.2,7.07,113.73,18.38
000282,模拟股票0432,65.74000000000001,68.2,31.6,96.6,3.11,48.52,16.68
000283,模拟股票0433,36.379999999999995,8.6,56.8,53.0,3.88,10.9,0.19
000284,模拟股票0434,40.72,40.6,49.4,32.2,19.9,72.41,4.82
000285,模拟股票0435,60.2,12.8,89.0,94.6,28.72,23.06,27.28
000286,模拟股票0436,56.5,36.4,86.6,53.2,10.48,9.9,19.47
000287,模拟股票0437,33.86,11.0,47.8,50.4,24.27,94.55,-2.15
000288,模拟股票0438,42.22,94.6,2.0,12.6,-0.78,9.92,-13.36
000289,模拟股票0439,45.66,61.8,31.8,38.0,6.7,85.98,-4.7
000290,模拟股票0440,46.02,59.4,70.8,3.4000000000000004,26.43,45.32,-12.52
000291,模拟股票0441,61.26,90.60000000000001,46.6,36.8,15.78,63.74,-0.76
000292,模拟股票0442,48.76,83.2,29.2,22.400000000000002,2.0,54.9,-2.43
000293,模拟股票0443,72.24,36.6,97.8,94.19999999999999,14.13,5.32,28.2
000294,模拟股票0444,37.18,48.4,33.0,26.400000000000002,9.13,91.56,0.83
000295,模拟股票0445,57.199999999999996,75.8,74.2,15.4,22.57,36.21,-19.4
000296,模拟股票0446,35.62,26.8,33.800000000000004,49.2,6.52,59.37,13.71
000297,模拟股票0447,41.28,28.799999999999997,46.400000000000006,52.800000000000004,17.85,72.2,-1.88
000298,模拟股票0448,67.62,95.39999999999999,62.8,35.4,12.85,28.01,-15.77
000299,模拟股票0449,45.120000000000005,6.6000000000000005,77.2,64.4,12.83,18.71,0.73
000300,模拟股票0450,56.2,57.99999999999999,91.60000000000001,18.4,10.98,7.69,2.85
000301,模拟股票0451,31.170000000000005,65.4,15.299999999999999,1.4000000000000001,14.91,100.92,-28.25
000302,模拟股票0452,47.35,85.0,15.299999999999999,29.2,15.49,125.78,-9.85
000303,模拟股票0453,26.7,12.0,44.0,28.999999999999996,21.54,95.79,-3.05
000304,模拟股票0454,39.24,21.6,78.60000000000001,23.400000000000002,14.78,19.84,3.41
000305,模拟股票0455,57.68,44.0,55.400000000000006,78.2,3.31,9.85,11.0
000306,模拟股票0456,26.460000000000004,55.800000000000004,3.4000000000000004,10.4,-1.81,74.22,-8.77
000307,模拟股票0457,50.290000000000006,66.4,15.299999999999999,63.800000000000004,15.7,-2.1,-4.17
000308,模拟股票0458,53.92,78.4,66.60000000000001,8.6,25.91,49.5,-6.7
000309,模拟股票0459,49.35,87.9,15.299999999999999,32.0,16.18,-31.98,10.81
000310,模拟股票0460,38.53,16.0,15.299999999999999,91.8,20.42,-16.77,6.0
000311,模拟股票0461,53.93,62.0,15.299999999999999,81.8,36.88,127.97,9.41
000312,模拟股票0462,83.14,93.4,74.8,77.8,9.43,15.02,8.97
000313,模拟股票0463,38.88,57.599999999999994,43.4,9.4,15.37,70.85,-3.7
000314,模拟股票0464,86.86000000000001,79.60000000000001,92.80000000000001,90.60000000000001,15.52,9.78,23.09
000315,模拟股票0465,56.72,14.000000000000002,85.39999999999999,85.0,17.35,17.06,11.35
000316,模拟股票0466,45.8,16.400000000000002,72.39999999999999,58.4,9.65,16.03,-1.28
000317,模拟股票0467,47.12,65.0,39.2,31.2,16.6,97.05,3.08
000318,模拟股票0468,35.37,72.6,15.299999999999999,5.800000000000001,17.59,113.06,-3.31
000319,模拟股票0469,49.64,18.2,79.2,62.0,20.78,26.87,11.32
000320,模拟股票0470,59.44000000000001,80.2,58.4,32.800000000000004,20.48,53.37,-13.39
000321,模拟股票0471,43.64,43.4,79.80000000000001,7.8,14.09,17.83,-18.31
000322,模拟股票0472,43.62,2.4,73.4,68.8,3.77,6.13,16.35
000323,模拟股票0473,33.86,7.3999999999999995,62.0,41.0,24.27,55.82,-10.4
000324,模拟股票0474,68.92,38.2,93.2,85.6,10.75,6.73,9.02
000325,模拟股票0475,21.79,13.600000000000001,15.299999999999999,39.2,23.59,-39.21,-1.96
000326,模拟股票0476,31.549999999999997,30.8,15.299999999999999,48.8,4.29,124.14,2.42
000327,模拟股票0477,58.82,22.400000000000002,76.0,90.2,5.93,9.02,13.68
000328,模拟股票0478,14.67,6.0,15.299999999999999,25.6,-2.77,108.28,-4.8
000329,模拟股票0479,28.959999999999997,10.0,26.8,56.39999999999999,0.4,87.92,5.49
000330,模拟股票0480,49.78,43.0,31.2,77.4,6.23,99.1,-0.26
000331,模拟股票0481,57.36,32.4,100.0,48.0,22.72,5.55,12.74
000332,模拟股票0482,56.58,67.80000000000001,54.800000000000004,43.4,18.55,58.59,-8.01
000333,模拟股票0483,66.48,73.2,96.2,27.800000000000004,14.17,6.27,7.69
000334,模拟股票0484,63.339999999999996,76.6,95.8,13.200000000000001,20.38,9.29,2.48
000335,模拟股票0485,73.78,64.0,85.6,75.0,16.11,15.83,16.49
000336,模拟股票0486,53.0,21.2,98.8,49.6,16.52,6.03,0.91
000337,模拟股票0487,32.39000000000001,64.4,15.299999999999999,6.800000000000001,9.04,-6.85,-2.24
000338,模拟股票0488,70.1,57.8,98.0,58.599999999999994,26.0,9.72,11.28
000339,模拟股票0489,35.58,51.6,38.4,11.4,14.11,88.96,-6.41
000340,模拟股票0490,43.040000000000006,24.8,70.0,40.400000000000006,4.67,8.2,-5.59
000341,模拟股票0491,55.2,39.0,57.4,74.6,23.9,66.2,9.0
000342,模拟股票0492,57.720000000000006,79.2,58.599999999999994,28.199999999999996,12.61,32.59,-11.85
000343,模拟股票0493,35.95,29.2,15.299999999999999,65.60000000000001,19.1,101.75,11.2
000344,模拟股票0494,64.4,90.2,80.0,14.399999999999999,20.58,25.99,-13.57
000345,模拟股票0495,41.29,75.4,15.299999999999999,21.8,17.77,-29.5,-13.06
000346,模拟股票0496,68.74,100.0,82.0,13.8,7.15,8.46,-6.2
000347,模拟股票0497,42.38,38.0,78.2,12.4,18.88,26.07,3.3
000348,模拟股票0498,51.260000000000005,19.400000000000002,80.80000000000001,64.2,11.89,14.61,20.32
000349,模拟股票0499,65.36,36.199999999999996,90.4,79.2,18.51,13.97,12.48
